{"cameraMode":{"drawMode":0,"name":"Shaded","section":"Shading Mode"},"sceneLighting":false,"audioPlay":false,"sceneViewState":{"showFog":true,"showMaterialUpdate":false,"showSkybox":true,"showFlares":true,"showImageEffects":true,"showParticleSystems":true},"in2DMode":false,"pivot":{"x":-2.5491490364074709,"y":-3.9836792945861818,"z":-4.166045188903809},"rotation":{"x":-0.016513390466570855,"y":0.9610868692398071,"z":-0.2694169282913208,"w":-0.05888989567756653},"size":16.665220260620118,"orthographic":false}