{"cameraMode":{"drawMode":0,"name":"Shaded","section":"Shading Mode"},"sceneLighting":false,"audioPlay":false,"sceneViewState":{"showFog":true,"showMaterialUpdate":false,"showSkybox":true,"showFlares":true,"showImageEffects":true,"showParticleSystems":true},"in2DMode":false,"pivot":{"x":-0.2588297724723816,"y":-3.343639850616455,"z":-5.096845626831055},"rotation":{"x":-0.007504047825932503,"y":0.9671651124954224,"z":-0.25243622064590456,"w":-0.0287312064319849},"size":18.458908081054689,"orthographic":false}