{"cameraMode":{"drawMode":0,"name":"Shaded","section":"Shading Mode"},"sceneLighting":false,"audioPlay":false,"sceneViewState":{"showFog":true,"showMaterialUpdate":false,"showSkybox":true,"showFlares":true,"showImageEffects":true,"showParticleSystems":true},"in2DMode":false,"pivot":{"x":1.0709205865859986,"y":-16.38041114807129,"z":-15.355639457702637},"rotation":{"x":-0.0051389774307608608,"y":0.9206730723381043,"z":-0.39013317227363589,"w":-0.012157240882515908},"size":43.36922836303711,"orthographic":false}